<?xml version="1.0" encoding="utf-8"?>
<edmx:Edmx Version="3.0" xmlns:edmx="http://schemas.microsoft.com/ado/2009/11/edmx">
 <!-- EF Designer content (DO NOT EDIT MANUALLY BELOW HERE) -->
  <edmx:Designer xmlns="http://schemas.microsoft.com/ado/2009/11/edmx">
    <!-- Diagram content (shape and connector positions) -->
    <edmx:Diagrams>
      <Diagram DiagramId="377067c7871742aea1ea72d6041745c6" Name="Diagram1" ZoomLevel="92">
        <EntityTypeShape EntityType="ShowaPMManagementModel.MachinePartList" Width="1.5" PointX="5.25" PointY="3.625" />
        <EntityTypeShape EntityType="ShowaPMManagementModel.ManualNextPMPartChangeLog" Width="1.5" PointX="7.5" PointY="2.875" />
        <EntityTypeShape EntityType="ShowaPMManagementModel.MasterMachine" Width="1.5" PointX="3" PointY="9.75" />
        <EntityTypeShape EntityType="ShowaPMManagementModel.MasterMachineCatagory" Width="1.5" PointX="0.75" PointY="11.375" />
        <EntityTypeShape EntityType="ShowaPMManagementModel.MasterPart" Width="1.5" PointX="3" PointY="2.75" />
        <EntityTypeShape EntityType="ShowaPMManagementModel.MasterPartCatagory" Width="1.5" PointX="0.75" PointY="4.375" />
        <EntityTypeShape EntityType="ShowaPMManagementModel.MasterTableEventLog" Width="1.5" PointX="9.75" PointY="0.75" />
        <EntityTypeShape EntityType="ShowaPMManagementModel.PMOrderLog" Width="1.5" PointX="5.25" PointY="9.375" />
        <EntityTypeShape EntityType="ShowaPMManagementModel.PMPartChangeLog" Width="1.5" PointX="7.5" PointY="5.75" />
        <EntityTypeShape EntityType="ShowaPMManagementModel.PMPartReceiveLog" Width="1.5" PointX="7.5" PointY="9.75" />
        <EntityTypeShape EntityType="ShowaPMManagementModel.sysdiagram" Width="1.5" PointX="9.75" PointY="3.75" />
        <EntityTypeShape EntityType="ShowaPMManagementModel.MachinePartListForcast" Width="1.5" PointX="9.75" PointY="6.75" />
        <EntityTypeShape EntityType="ShowaPMManagementModel.MCPartForcastWithAccu" Width="1.5" PointX="11.75" PointY="0.75" />
        <EntityTypeShape EntityType="ShowaPMManagementModel.MonthlyPMOrderDetail" Width="1.5" PointX="11.75" PointY="6.75" />
        <EntityTypeShape EntityType="ShowaPMManagementModel.MonthlyPMPartUse" Width="1.5" PointX="9.75" PointY="11.75" />
        <EntityTypeShape EntityType="ShowaPMManagementModel.PMOrderLogStatu" Width="1.5" PointX="11.75" PointY="10.75" />
        <EntityTypeShape EntityType="ShowaPMManagementModel.PMPartStatusDetail" Width="1.5" PointX="5.75" PointY="12.75" />
        <EntityTypeShape EntityType="ShowaPMManagementModel.RecommendPMPartChange" Width="1.5" PointX="13.75" PointY="0.75" />
        <EntityTypeShape EntityType="ShowaPMManagementModel.RecommendPMPartOrder" Width="1.5" PointX="13.75" PointY="4.75" />
        <EntityTypeShape EntityType="ShowaPMManagementModel.RecommendPMPartOrderTmp" Width="1.5" PointX="13.75" PointY="8.75" />
        <AssociationConnector Association="ShowaPMManagementModel.FK_MachinePartList_MasterMachine" />
        <AssociationConnector Association="ShowaPMManagementModel.FK_MachinePartList_MasterPart" />
        <AssociationConnector Association="ShowaPMManagementModel.FK_ManualNextPartChangeLog_MachinePartList" />
        <AssociationConnector Association="ShowaPMManagementModel.FK_PartChangeLog_MachinePartList" />
        <AssociationConnector Association="ShowaPMManagementModel.FK_MasterMachine_MasterMachineCatagory" />
        <AssociationConnector Association="ShowaPMManagementModel.FK_MasterPart_MasterPartCatagory" />
        <AssociationConnector Association="ShowaPMManagementModel.FK_OrderLog_MasterPart" />
        <AssociationConnector Association="ShowaPMManagementModel.FK_PartReceiveLog_OrderLog" />
      </Diagram>
    </edmx:Diagrams>
  </edmx:Designer>
</edmx:Edmx>